-- MySQL dump 10.13  Distrib 8.0.29, for macos12 (arm64)
--
-- Host: localhost    Database: raven_split
-- ------------------------------------------------------
-- Server version	8.0.29

/*!40101 SET @OLD_CHARACTER_SET_CLIENT=@@CHARACTER_SET_CLIENT */;
/*!40101 SET @OLD_CHARACTER_SET_RESULTS=@@CHARACTER_SET_RESULTS */;
/*!40101 SET @OLD_COLLATION_CONNECTION=@@COLLATION_CONNECTION */;
/*!50503 SET NAMES utf8mb4 */;
/*!40103 SET @OLD_TIME_ZONE=@@TIME_ZONE */;
/*!40103 SET TIME_ZONE='+00:00' */;
/*!40014 SET @OLD_UNIQUE_CHECKS=@@UNIQUE_CHECKS, UNIQUE_CHECKS=0 */;
/*!40014 SET @OLD_FOREIGN_KEY_CHECKS=@@FOREIGN_KEY_CHECKS, FOREIGN_KEY_CHECKS=0 */;
/*!40101 SET @OLD_SQL_MODE=@@SQL_MODE, SQL_MODE='NO_AUTO_VALUE_ON_ZERO' */;
/*!40111 SET @OLD_SQL_NOTES=@@SQL_NOTES, SQL_NOTES=0 */;

--
-- Table structure for table `debt_balance`
--

DROP TABLE IF EXISTS `debt_balance`;
/*!40101 SET @saved_cs_client     = @@character_set_client */;
/*!50503 SET character_set_client = utf8mb4 */;
CREATE TABLE `debt_balance` (
  `id` int NOT NULL AUTO_INCREMENT,
  `gid` int NOT NULL,
  `borrower` int NOT NULL,
  `lender` int NOT NULL,
  `amount` int NOT NULL,
  `last_update` datetime DEFAULT CURRENT_TIMESTAMP ON UPDATE CURRENT_TIMESTAMP,
  PRIMARY KEY (`id`),
  KEY `borrower` (`borrower`),
  KEY `lender` (`lender`),
  CONSTRAINT `debt_balance_ibfk_1` FOREIGN KEY (`borrower`) REFERENCES `group_users` (`uid`) ON DELETE RESTRICT ON UPDATE CASCADE,
  CONSTRAINT `debt_balance_ibfk_2` FOREIGN KEY (`lender`) REFERENCES `group_users` (`uid`) ON DELETE RESTRICT ON UPDATE CASCADE
) ENGINE=InnoDB AUTO_INCREMENT=537 DEFAULT CHARSET=utf8mb4 COLLATE=utf8mb4_0900_ai_ci;
/*!40101 SET character_set_client = @saved_cs_client */;

--
-- Dumping data for table `debt_balance`
--

LOCK TABLES `debt_balance` WRITE;
/*!40000 ALTER TABLE `debt_balance` DISABLE KEYS */;
INSERT INTO `debt_balance` VALUES (534,170,27,28,50,'2022-09-19 18:34:59'),(535,170,29,27,50,'2022-09-19 18:34:59'),(536,170,29,28,100,'2022-09-19 17:58:55');
/*!40000 ALTER TABLE `debt_balance` ENABLE KEYS */;
UNLOCK TABLES;

--
-- Table structure for table `debt_detail`
--

DROP TABLE IF EXISTS `debt_detail`;
/*!40101 SET @saved_cs_client     = @@character_set_client */;
/*!50503 SET character_set_client = utf8mb4 */;
CREATE TABLE `debt_detail` (
  `id` int NOT NULL AUTO_INCREMENT,
  `debt_id` int NOT NULL,
  `borrower` int NOT NULL,
  `amount` int NOT NULL,
  `last_update` datetime DEFAULT CURRENT_TIMESTAMP ON UPDATE CURRENT_TIMESTAMP,
  PRIMARY KEY (`id`),
  KEY `debt_id` (`debt_id`),
  KEY `lender` (`borrower`),
  CONSTRAINT `debt_detail_ibfk_1` FOREIGN KEY (`debt_id`) REFERENCES `debt_main` (`id`) ON DELETE RESTRICT ON UPDATE CASCADE,
  CONSTRAINT `debt_detail_ibfk_2` FOREIGN KEY (`borrower`) REFERENCES `group_users` (`uid`) ON DELETE RESTRICT ON UPDATE CASCADE
) ENGINE=InnoDB AUTO_INCREMENT=1711 DEFAULT CHARSET=utf8mb4 COLLATE=utf8mb4_0900_ai_ci;
/*!40101 SET character_set_client = @saved_cs_client */;

--
-- Dumping data for table `debt_detail`
--

LOCK TABLES `debt_detail` WRITE;
/*!40000 ALTER TABLE `debt_detail` DISABLE KEYS */;
INSERT INTO `debt_detail` VALUES (1691,883,28,50,'2022-09-19 16:48:44'),(1692,883,29,50,'2022-09-19 16:48:44'),(1693,884,27,100,'2022-09-19 17:05:24'),(1694,884,29,100,'2022-09-19 17:05:24'),(1695,885,27,200,'2022-09-19 17:10:25'),(1696,885,29,200,'2022-09-19 17:10:25'),(1697,886,27,100,'2022-09-19 17:36:55'),(1698,886,29,100,'2022-09-19 17:36:55'),(1699,887,27,200,'2022-09-19 17:37:39'),(1700,887,29,200,'2022-09-19 17:37:39'),(1701,888,27,100,'2022-09-19 17:52:49'),(1702,888,29,100,'2022-09-19 17:52:49'),(1703,889,27,200,'2022-09-19 17:56:11'),(1704,889,29,200,'2022-09-19 17:56:11'),(1705,890,27,100,'2022-09-19 17:58:55'),(1706,890,29,100,'2022-09-19 17:58:55'),(1707,891,28,50,'2022-09-19 18:34:20'),(1708,891,29,50,'2022-09-19 18:34:20'),(1709,892,28,100,'2022-09-19 18:34:43'),(1710,892,29,100,'2022-09-19 18:34:43');
/*!40000 ALTER TABLE `debt_detail` ENABLE KEYS */;
UNLOCK TABLES;

--
-- Table structure for table `debt_main`
--

DROP TABLE IF EXISTS `debt_main`;
/*!40101 SET @saved_cs_client     = @@character_set_client */;
/*!50503 SET character_set_client = utf8mb4 */;
CREATE TABLE `debt_main` (
  `id` int NOT NULL AUTO_INCREMENT,
  `gid` int NOT NULL,
  `date` date NOT NULL,
  `title` varchar(100) NOT NULL,
  `total` int NOT NULL,
  `lender` int NOT NULL,
  `split_method` char(1) NOT NULL,
  `status` char(1) NOT NULL,
  `last_update` datetime DEFAULT CURRENT_TIMESTAMP ON UPDATE CURRENT_TIMESTAMP,
  PRIMARY KEY (`id`),
  KEY `gid` (`gid`),
  KEY `debt_status` (`status`),
  KEY `lender` (`lender`),
  CONSTRAINT `debt_main_ibfk_1` FOREIGN KEY (`gid`) REFERENCES `groups` (`id`) ON DELETE RESTRICT ON UPDATE CASCADE,
  CONSTRAINT `debt_main_ibfk_2` FOREIGN KEY (`lender`) REFERENCES `group_users` (`uid`) ON DELETE CASCADE ON UPDATE CASCADE
) ENGINE=InnoDB AUTO_INCREMENT=893 DEFAULT CHARSET=utf8mb4 COLLATE=utf8mb4_0900_ai_ci;
/*!40101 SET character_set_client = @saved_cs_client */;

--
-- Dumping data for table `debt_main`
--

LOCK TABLES `debt_main` WRITE;
/*!40000 ALTER TABLE `debt_main` DISABLE KEYS */;
INSERT INTO `debt_main` VALUES (883,170,'2022-09-19','值得紀念的第一筆帳',100,27,'1','1','2022-09-19 16:48:44'),(884,170,'2022-09-20','明天也要喝飲料',200,28,'1','0','2022-09-19 17:10:25'),(885,170,'2022-09-21','明天也要喝飲料喔',400,28,'2','4','2022-09-19 17:25:41'),(886,170,'2022-09-19','喝飲料',200,28,'1','0','2022-09-19 17:37:39'),(887,170,'2022-09-20','明天也要喝飲料',400,28,'2','4','2022-09-19 17:51:08'),(888,170,'2022-09-19','喝飲料',200,28,'1','0','2022-09-19 17:56:11'),(889,170,'2022-09-20','明天喝飲料',400,28,'1','0','2022-09-19 17:58:55'),(890,170,'2022-09-21','明天喝飲料吧',200,28,'2','1','2022-09-19 17:58:55'),(891,170,'2022-09-07','test date',100,27,'1','0','2022-09-19 18:34:43'),(892,170,'2022-09-20','test date change',200,27,'1','4','2022-09-19 18:34:59');
/*!40000 ALTER TABLE `debt_main` ENABLE KEYS */;
UNLOCK TABLES;

--
-- Table structure for table `group_users`
--

DROP TABLE IF EXISTS `group_users`;
/*!40101 SET @saved_cs_client     = @@character_set_client */;
/*!50503 SET character_set_client = utf8mb4 */;
CREATE TABLE `group_users` (
  `id` int NOT NULL AUTO_INCREMENT,
  `gid` int NOT NULL,
  `uid` int NOT NULL,
  `role` char(1) NOT NULL,
  `is_settling` tinyint unsigned DEFAULT '0',
  `status` char(1) NOT NULL,
  `last_update` datetime DEFAULT CURRENT_TIMESTAMP ON UPDATE CURRENT_TIMESTAMP,
  PRIMARY KEY (`id`),
  KEY `gid` (`gid`),
  KEY `uid` (`uid`),
  KEY `valid_status` (`status`),
  CONSTRAINT `group_users_ibfk_1` FOREIGN KEY (`gid`) REFERENCES `groups` (`id`) ON DELETE CASCADE ON UPDATE CASCADE,
  CONSTRAINT `group_users_ibfk_2` FOREIGN KEY (`uid`) REFERENCES `users` (`id`) ON DELETE CASCADE ON UPDATE CASCADE
) ENGINE=InnoDB AUTO_INCREMENT=608 DEFAULT CHARSET=utf8mb4 COLLATE=utf8mb4_0900_ai_ci;
/*!40101 SET character_set_client = @saved_cs_client */;

--
-- Dumping data for table `group_users`
--

LOCK TABLES `group_users` WRITE;
/*!40000 ALTER TABLE `group_users` DISABLE KEYS */;
INSERT INTO `group_users` VALUES (605,170,27,'2',1,'1','2022-09-19 17:02:27'),(606,170,28,'2',0,'1','2022-09-19 16:47:36'),(607,170,29,'2',0,'1','2022-09-19 16:47:36');
/*!40000 ALTER TABLE `group_users` ENABLE KEYS */;
UNLOCK TABLES;

--
-- Table structure for table `groups`
--

DROP TABLE IF EXISTS `groups`;
/*!40101 SET @saved_cs_client     = @@character_set_client */;
/*!50503 SET character_set_client = utf8mb4 */;
CREATE TABLE `groups` (
  `id` int NOT NULL AUTO_INCREMENT,
  `name` varchar(50) NOT NULL,
  `type` char(1) NOT NULL,
  `status` int NOT NULL,
  `last_update` datetime DEFAULT CURRENT_TIMESTAMP ON UPDATE CURRENT_TIMESTAMP,
  PRIMARY KEY (`id`),
  KEY `valid_status` (`status`)
) ENGINE=InnoDB AUTO_INCREMENT=173 DEFAULT CHARSET=utf8mb4 COLLATE=utf8mb4_0900_ai_ci;
/*!40101 SET character_set_client = @saved_cs_client */;

--
-- Dumping data for table `groups`
--

LOCK TABLES `groups` WRITE;
/*!40000 ALTER TABLE `groups` DISABLE KEYS */;
INSERT INTO `groups` VALUES (170,'第一組','1',1,'2022-09-19 16:47:36'),(172,'第一組','2',1,'2022-09-19 21:27:03');
/*!40000 ALTER TABLE `groups` ENABLE KEYS */;
UNLOCK TABLES;

--
-- Table structure for table `users`
--

DROP TABLE IF EXISTS `users`;
/*!40101 SET @saved_cs_client     = @@character_set_client */;
/*!50503 SET character_set_client = utf8mb4 */;
CREATE TABLE `users` (
  `id` int NOT NULL AUTO_INCREMENT,
  `email` varchar(60) NOT NULL,
  `password` varchar(72) NOT NULL,
  `name` varchar(50) NOT NULL,
  `cellphone` varchar(10) DEFAULT NULL,
  `picture` varchar(255) DEFAULT NULL,
  `provider` varchar(20) NOT NULL,
  `status` int NOT NULL,
  `create_time` datetime DEFAULT CURRENT_TIMESTAMP,
  `last_update` datetime DEFAULT CURRENT_TIMESTAMP ON UPDATE CURRENT_TIMESTAMP,
  PRIMARY KEY (`id`)
) ENGINE=InnoDB AUTO_INCREMENT=31 DEFAULT CHARSET=utf8mb4 COLLATE=utf8mb4_0900_ai_ci;
/*!40101 SET character_set_client = @saved_cs_client */;

--
-- Dumping data for table `users`
--

LOCK TABLES `users` WRITE;
/*!40000 ALTER TABLE `users` DISABLE KEYS */;
INSERT INTO `users` VALUES (27,'test1@test.com','$2b$10$quKIUWNFS8JFbdEX2/fAEepCgaL/l.QWW1PrO3w.QdW1e8krm8cXu','Euli','0912345678',NULL,'native',1,'2022-09-19 16:40:14','2022-09-19 16:40:14'),(28,'test2@test.com','$2b$10$s6W0XVlQw3LsdlHpKFCfOOzEL.xn.ZI8laalEzq8D3Vj/8bVeMvzC','Tim','0912345678',NULL,'native',1,'2022-09-19 16:45:29','2022-09-19 16:45:29'),(29,'test3@test.com','$2b$10$Az.7HKEOie3zCvO4Is5Mn./l/jHoTbQiLIfCwk9MBshyMZ717Qy1G','Adam','0912345678',NULL,'native',1,'2022-09-19 16:46:00','2022-09-19 16:46:48'),(30,'test4@test.com','$2b$10$cBqRAIJPm337nz6jr7YFZOzGGShA1rOubA7dqbwVrnEHaX1/7Atmu','Kelvin','0912345678',NULL,'native',1,'2022-09-19 19:03:45','2022-09-19 19:03:45');
/*!40000 ALTER TABLE `users` ENABLE KEYS */;
UNLOCK TABLES;
/*!40103 SET TIME_ZONE=@OLD_TIME_ZONE */;

/*!40101 SET SQL_MODE=@OLD_SQL_MODE */;
/*!40014 SET FOREIGN_KEY_CHECKS=@OLD_FOREIGN_KEY_CHECKS */;
/*!40014 SET UNIQUE_CHECKS=@OLD_UNIQUE_CHECKS */;
/*!40101 SET CHARACTER_SET_CLIENT=@OLD_CHARACTER_SET_CLIENT */;
/*!40101 SET CHARACTER_SET_RESULTS=@OLD_CHARACTER_SET_RESULTS */;
/*!40101 SET COLLATION_CONNECTION=@OLD_COLLATION_CONNECTION */;
/*!40111 SET SQL_NOTES=@OLD_SQL_NOTES */;

-- Dump completed on 2022-09-19 22:47:04
